review_text,predicted_labels
review_text_disliked,"Cleanliness and Hygiene, , "
"""Two things, first being the aircon in our room didn‚Äôt work, so in our second night we had to move to another room; second being the beds are very firm and not enough pillows.""","Temperature and Ventilation, Room Size and Layout, "
"""Don‚Äôt expect airconditioning, it seems broke for several weeks (based on other reviews) and no intention to fix it. You can get a fan (so they seem to know the airco isn‚Äôt working). I found three different bugs walking around in the toilet. The layout of the room is interesting: toilet is separate, the shower and sink are sort of in the bedroom.""","Temperature and Ventilation, Cleanliness and Hygiene, Room Size and Layout"
"""Lack of staffs and poor management for the property. The room looks new but it is not managed properly. AC was broken from the first night. I ask them to check this out but they said the technician can come over """"next week"""". I stayed only for 2nights. Air ventilation also didn't work properly. The staff whom I chat with through app was very attentive and friendly, but didn't solve anything or give us another room. They advertise here as """"smart"""" hotel, but the way they run is just not smart. It just an excuse to not hire more staffs. Don't be fooled by the fancy words. (like me)""","Staff and Customer Service, Temperature and Ventilation, Digital and Automation Issues"
Shower drain smelled horrible and since it's open concept the entire room smelled horrible. Promised complimentary cleaning never happened. 2 days no TV and key pads never worked properly...,"Cleanliness and Hygiene, Amenities and Facilities, Digital and Automation Issues"
"""Place is a trash. When we came into the hotel - cigarette smoke was everywhere. Not to mention the room. Neigborhood is not good neither. Yes it is not far from KDW, but there are lots of drugadditcs and prostitues around. We booked for 3 nights, but we left on second day immediately. Off course, this place has a policy of non-refund. Ah yes, this apart-hotel offers rooms with kitchen, but trust me - its not usable, so take a hotel for the same price.""","Cleanliness and Hygiene, Location and Surroundings, Value for Money"
"""However, the major downside was that the air conditioning in my room did not work, and this was during a week when temperatures exceeded 30¬∞C. It was incredibly uncomfortable and made it difficult to sleep. To make matters worse, I was not informed about this issue when booking, and upon raising a complaint, the response was kind of lackluster. I was told that some rooms have faulty air conditioning (long-term issue?), including mine, and that they couldn't move me to a different room. Given that I was paying full price and not receiving the service I expected, this was quite disappointing. When I expressed my frustration, the hotel did offer a 10% discount, but this didn‚Äôt alleviate the discomfort much. The lack of transparency and the ethical concerns about not informing guests beforehand leave a bad aftertaste. As a returning guest, I expected better communication and service. Given these issues, I'm not sure I would consider staying here again. EDIT: My initial stay at Numa Berlin had a major drawbacks - due to a non-functioning air conditioning. However, after posting my review, I was pleasantly surprised when Numa reached out to me immediatelly. They apologized and offered a 20% discount extra compensation. This time, I could the genuine regret. They assured me that they are actively working on addressing the issue and improving both their facilities and customer service. Numa¬¥s response was not just a apology, but a clear acknowledgment of the missteps and a commitment to do better. I am confident NUma Drift is taking the necessary steps to improve the service, and I believe they will handle similar situations more transparently in the future. It‚Äôs clear they are learning from this and are committed to providing better service for future guests. Given this, I‚Äôm willing to give them another try in the future, I look forwars to visitong them in this winter again (this time, the heating will work!) :)""","Temperature and Ventilation, Staff and Customer Service, Value for Money"
The noise from surrounding area day and night Exceedingly small cooking/kitchen area making food preparation very restricted. No staff at reception making the place feel cold and unwelcoming. Lack of human contact.,"Noise Issues, Room Size and Layout, Staff and Customer Service"
"""My air conditioning unit was faulty, I arrived to find a Floor Fan present which indicated it was already known, despite advertising Air conditioning. It was incredibly stuffy and uncomfortable. Very annoying ! It really ruined my experience. They should have been honest about this, I have already warned people about this. Incredibly disappointing as it's a nice building and location.""","Temperature and Ventilation, Staff and Customer Service, Value for Money"
"""In a two room accommodation, meant for up to 4 people, entrance in the toilet through bedroom, right in front of the bed. Like literally, door to the toilet is less than one step away from bed... Even in a relationship one doesn't really wants to hear or to be heard on the toilet. Besides that ventilation in there is not the best, so the smell stays in bedroom. And a room meant for up to 4 people, so for big familys or group of friends... We end up using a bathroom in the basement, as it was more convenient than one in our room. I can't imagine what the architect was thinking while creating this.""","Room Size and Layout, Temperature and Ventilation, "
"""Worst tight car park ever! Numa The Best/Worst design I have come across, this is our 7th stay on this trip, and we could laugh if it wasn‚Äôt so laughable! (Sarcasm) Numa WhatsApp asks if I need help, ask them to call, gave me a number to call them back, weird! Says 5-10 minutes, waited 20 So much for 5 star service! Lady on the phone, Tatjana, doesn‚Äôt listen, threatens to hang up when I am trying to walk her through all the things missing or inadequate! Asks me to go to some storeroom to pick up pot, pan cutting board myself No face towels! No floor mat from Terrace to Living room, not very good, how to maintain perfect cleanliness? Kitchen completely inadequate, warning sign re sensitive smoke alarm , if so then were is the air extraction? Opening the door likely no help if you fry a steak, and wants me to pay 2500 Euro if the fire brigade is coming? Toilet entrance in the kitchen area! Inside no extraction fan! Good luck if you do your business and cook right after, the smell/aroma will make you real hungry? Location of wardrobe in front of entrance door, furthest away from bath & bed? Who designs something like that? Wifi, completely wonky, inconsistent reception! Update, spoken to a young lady sitting in an office just next to the outdoor gym, and while it was not her job, she did manage to get us a new cutting board, larger then the mini we had & a better knife! So thank you for that, exemplary service from one person! üôèüèª""","Parking and Transport, Staff and Customer Service, Room Size and Layout"
"""The shower is open, it doesn‚Äôt have door. The worst thing was +32 degrees outside and the AC was not working and nobody came to fix during our stay. We asked to fix everyday, they were promissing but nobody came.""","Temperature and Ventilation, Staff and Customer Service, Amenities and Facilities"
"""It could have been such a great stay but they screwed it up completely. The airco didn‚Äôt work, which can happen, and they would check and let us know next day. No reaction and after contacting again no room available anymore because the airco was broken in more rooms. After checking some reviews the airco was broken for days already in almost the whole building. So it was just keeping you on the line and hoping you wouldn‚Äôt react. After mentioning that there are still rooms available on booking, suddenly it was possible again to get another room but a downgrade. We would get 15% reduction. We have to check out the next day and check in again the day after. The next day again no reaction and after contacting around 15h, ONLY POSSIBLE VIA WHATSAPP btw with a super annoying chatbot you have to go through every time, they suddenly realize there is no room available after all. We have to check in the same room again and check out the day after again. Day 3 already and messing with us the whole time. We decide to leave the apartment and we would get the money back. Last but not least, I had to arrange financially everything myself by booking, I can understand in some way, but Booking also couldn‚Äôt reach the company. The day after I get an invoice by Numa for three nights while we only stayed two nights. Then suddenly I had a number to call so I did immediately. Again explaining everything as they didn‚Äôt understand at the beginning and it was an automatic bill I could ignore. They would charge us only two nights for sure. I asked to get a correct bill to verify but never received it. Luckily we got at the end correctly all money back and only two nights were charged with 15% reduction. BUT WHAT AN AMATEURISH APPROACH, SUCH A PITY!""","Temperature and Ventilation, Check-in/Check-out Issues, Digital and Automation Issues"
No airconditioning at all and only a little desk fan to circulate air. Was not pleasant with the heat.,"Temperature and Ventilation, , "
"""Airconditioning was broken all the time, and my room got over 30 degrees. Very uncomfortable""","Temperature and Ventilation, , "
This property was advertised as having an AC. When I showed up the AC doesn‚Äôt work. They were not able to move me to a room that has a functioning AC. After hours on messages with them (there are no staff at the property). They offered me 15% discount. I don‚Äôt want their discount I want an air conditioned room as I booked one.,"Temperature and Ventilation, Staff and Customer Service, Digital and Automation Issues"
"""We were a group of 4 each booked a room, 2 rooms the A/C was working normally and the other 2 didn‚Äôt work. Messaged them on WhatsApp they said they can‚Äôt do anything about it. We had a booking in a different hotel and changed it only because this had AC""","Temperature and Ventilation, Staff and Customer Service, "
"""Die L√ºftung im Zimmer war sehr laut. Mir wurde ein anderes Zimmer angeboten, dort war die L√ºftung ebenfalls laut. Scheint ein Haus-internes Problem zu sein. F√ºr diejenigen, die nicht so empfindlich auf Ger√§usche reagieren, sollte es auch kein Problem darstellen.""","Noise Issues, Temperature and Ventilation, "
"""Aplink vien gejai , negaliu apkest Realiai kazkoks geju rajonas , visur mirga ‚Äúvaivorykstes‚Äù pilnos pakampes ju , kiek kur vaiksciojom tiek nemaciau apart sios vietos""","Location and Surroundings, , "
"""–í –Ω–æ–º–µ—Ä–µ –∑–∞ 4 –¥–Ω—è –Ω–∏ —Ä–∞–∑—É –Ω–µ —É–±–∏—Ä–∞–ª–∏—Å—å –ø–æ—á–µ–º—É-—Ç–æ. –¢–∞–∫–∂–µ —Å–∞–º –Ω–æ–º–µ—Ä –æ—Ç–ª–∏—á–∞–µ—Ç—Å—è –æ—Ç —Ç–æ–≥–æ, —á—Ç–æ –±—ã–ª–æ –Ω–∞ –∫–∞—Ä—Ç–∏–Ω–∫–µ. –ù–æ —ç—Ç–æ –Ω–µ –∫—Ä–∏—Ç–∏—á–Ω–æ.""","Cleanliness and Hygiene, Room Size and Layout, "
"""L'insonorisation laisse √† d√©sirer (couloir), le personnel d'entretien fait plus de bruits que les occupants de l'h√¥tel et n'est malheureusement pas sympathique (n'a jamais r√©pondu √† mes salutations r√©p√©t√©es chaque jour).""","Noise Issues, Staff and Customer Service, "
"""Duschkopf und brause waren undicht, Duschwasser lief schlecht ab""","Cleanliness and Hygiene, Amenities and Facilities, "
"""Gew√∂hnungsbed√ºrftig f√ºr mich war, im Hotel keinen direkten Ansprechpartner zu haben. Woher bekommt man Toilettenpapier ... ich habe es dann gekauft. Keine Bettlampe / Nachttischlampe.""","Amenities and Facilities, Staff and Customer Service, Digital and Automation Issues"
Ontbijt was erg beperkt. Geen goede prijs kwaliteitverhouding.,"Breakfast Issues, Value for Money, "
"""Het is niet echt een concept voor ons. Feitelijk is het een hotel waar nagenoeg geen personeel is. Via whatsapp wordt je opzich steeds goed geholpen maar je moet er van houden. Ook mis ik een lobby waar je nog even kunt zitten. Verder is de locatie midden in een vrij rauwe wijk, wij voelden ons er savonds niet op ons gemak. Ook merk je dat er veel """"gasten"""" worden uitgenodigd op de Kamers, we voelden ons er niet zo prettig bij. Op de slaapkamer hing ook een rioollucht maar dat merkte we in Berlijn wel meer. Waarschijnlijk hebben we ons gewoon niet goed verdiept in het concept van het hotel,voor ons was het niet geschikt.""","Staff and Customer Service, Location and Surroundings, Cleanliness and Hygiene"
"""Tijdens ons verblijf van woensdag tot zondag is er geen enkele keer gepoetst in onze studio. Bedden of handdoeken worden niet ververst, vuilbakjes worden niet geleegd, toiletpapier niet aangevuld. Enorm spijtig voor de prijs die je betaalt. Je krijgt enorm veel mailtjes en berichten van het bedrijf voor, tijdens en na het verblijf.""","Cleanliness and Hygiene, Value for Money, Digital and Automation Issues"
"""-Das es im Hotel keinen Ansprechpartner gab. -Der Zugang ins Hotel, war schon fast ein Terror, st√§ndig ging der Code nicht! -Silberfische im 1. Zimmer, im 2. Zimmer, ging die L√ºftung im WC und Dusche nicht, das Wasser von der Dusche lief nicht ab!""","Cleanliness and Hygiene, Temperature and Ventilation, Digital and Automation Issues"
"""Park M√∂glichkeiten sind sehr schlecht.. Leider gibt es bei Problemen nur eine Telefonnummer (oder WhatsApp) und kein Pers√∂nlichen Ansprechpartner. Da es Probleme mit dem Zimmer gab, durften bzw. konnten wir endlich (18 Std. sp√§ter und mehrfacher nachfragen) das Zimmer wechseln, Es w√ºrde uns danach geholfen und das neue Zimmer war super.""","Parking and Transport, Staff and Customer Service, Room Size and Layout"
"""szkoad ze bkieng nie ifnormeuje ze nia ma recpecjie tylko odprawy Online, troche to denerwuajce za traka cena., skonowani ID ktory nei wiadomo gdzi etrafia tez jest slabe""","Check-in/Check-out Issues, Digital and Automation Issues, Value for Money"
Die Matratze war viel zu hart und konnte nicht ausgetauscht werden. Der Schrank hatte keine F√§cher. Im WC war keine Ablage .Im Badbereich waren zu wenig Haken. Es gab nur einen Stuhl auf dem Balkon,"Room Size and Layout, Amenities and Facilities, "
"""Das kein Personal vor Ort ist, wussten wir ja, aber wenn man schon jemanden an die Rezeption setzt, dann erwartet man doch als Gast wenigstens eine Begr√ºssung oder wenigstens kurzen Blickkontakt und nicht jemanden, der mit Kapuze auf dem Kopf am Handy spielt. Das Fr√ºhst√ºck war schlecht. Auswahl bescheiden. Der Fr√ºhst√ºcksraum dreckig. Kein Tisch abgewischt. Im Appartement wurde offenbar von den vorherigen G√§sten das Rauchverbot nicht eingehalten. Das war f√ºr uns als Familie √§u√üerst unangenehm.""","Breakfast Issues, Cleanliness and Hygiene, Staff and Customer Service"
Service & Kommunikation katastrophal. Es gab eine Fehlbuchung seitens des Hotels und diese wurde nicht gut gel√∂st.,"Staff and Customer Service, Check-in/Check-out Issues, "
"""Kein Personal vor Ort, wir haben zwei Tage bei offenen Fenster geschlafen da dieses defekt war. Fr√ºhst√ºck war maximal unterdurchschnittlich. Wenig Auswahl und um 8 Uhr bereits gepl√ºndert. Aufgef√ºllt wurde nur gegen Nachfrage. Toilette im Fr√ºhst√ºcksraum sieht aus wie auf dem Bahnhof Zoo, wirklich schlimm. Keine Zwischenreinigung der Zimmer w√§hrend des Aufenthalts.""","Breakfast Issues, Cleanliness and Hygiene, Staff and Customer Service"
Ich habe mich nach den Bildern gerichtet und da hatte man bei dem Zimmer eine Dachterrasse und daher die Buchung und das war ein Reinfall hatte ein anderes bekommen das nicht den Bilder entsprach schade,"Room Size and Layout, Value for Money, "
"""Totalement d√©shumanis√©, les seuls personnes rencontr√©es au PDJ vous demandent uniquement votre n¬∫ de chambre et vous obligent √† ressortir dans la rue pour rentrer dans votre chambre . Au secours, rien d‚Äôhumain et l‚Äôhomme remplac√© par l‚ÄôIT et l‚ÄôIA. D√©primant et hors de prix !!!!""","Digital and Automation Issues, Staff and Customer Service, Value for Money"
"""""""Ausgefallene"""" Klimaanlage bei √ºber 30 Grad ist eine Zumutung. Seitens des Hotels leider nur hinhalten es Standartreaktion und keinerlei Kulanz oder Entgegenkommen.""","Temperature and Ventilation, Staff and Customer Service, "
"""Das die Klimaanlage im Zimmer nicht funktionierte und man uns belogen hat. Angeblich Ausfall im ganzen Haus. Das stimmte aber nicht. Das war bereits vor unserem Check in bekannt, aber man hat uns nicht informiert! Kein anderes Zimmer frei! Wir sollten entweder kostenlos stornieren oder 25% Erm√§√üigung akzeptieren. Tolle Vorschl√§ge! Das war f√ºr mich Abzocke! Wir waren bestimmt nicht die ersten G√§ste, bei denen das so gemacht wurde. Dar√ºberhinaus war der Toilettensitz defekt. Sollte angeblich repariert werden. Das war bis zur Abreise nicht der Fall! Das Konzept ohne Rezeption geht auf. Niemand kann sich vor Ort beschweren und wird am Telefon oder per WhatsApp hingehalten.""","Temperature and Ventilation, Check-in/Check-out Issues, Digital and Automation Issues"
Klimaanlage war defekt was wohl schon seit l√§ngerem bekannt war. Wir wurden aber nicht vorab informiert. Ein versprochener Ventilator wurde dann nicht gebracht. Da kein Personal vor Ort ist war es schwer jemanden zu erreichen. Auch auf der Hotline hat es mehrere Versuche gebraucht und dann war Support nur in Englisch verf√ºgbar. An einem der drei Tage war das Fr√ºhst√ºcksbuffet von Fliegen befallen.,"Temperature and Ventilation, Staff and Customer Service, Breakfast Issues"
"""1. Absturzgefahr, da Fenster nicht abgeschlossen war und keine ausreichende Br√ºstung vorhanden war. 2. Parkplatz mitgebucht, aber viel zu eng um reinzukommen. Gab keine R√ºckerstattung, obwohl wir das Problem direkt gemeldet haben bei Ankunft. 3. K√ºche gehabt, welche man zum Kochen nur verwenden kann, wenn sichergestellt ist, das die Brandmeldeanlage nicht ausl√∂st. Bei Missachtung Drohung mit bis zu 2.500‚Ç¨ Strafe. Fazit: Parkplatz bezahlt und mussten anderweitig ebenso kostenpflichtig parken; K√ºche mitbezahlt und mussten anderweitig Kochen, da Kochen zu riskant war!!""","Parking and Transport, Amenities and Facilities, Accessibility"
"""Sauberkeit (Insekten - Silberfische), Dusche hat einen unangenehmen Geruch, Sehr hellh√∂rig und laute Maschinenger√§usche in der Nacht""","Cleanliness and Hygiene, Noise Issues, Temperature and Ventilation"
